{"stat.craftItem.sky_orchards.sapling_cottonwood":2,"stat.craftItem.sky_orchards.sapling_sand":2,"stat.pickup.minecraft.wooden_slab":54,"stat.useItem.sky_orchards.sapling_cottonwood":5,"stat.useItem.tconstruct.wooden_hopper":55,"stat.leaveGame":4,"stat.mineBlock.cyclicmagic.clock":2,"stat.pickup.tconstruct.wooden_hopper":64,"stat.craftItem.minecraft.iron_axe":2,"stat.useItem.minecraft.soul_sand":4,"stat.killEntity.Blaze":13,"stat.craftItem.sky_orchards.amber_osmium":2,"stat.pickup.rustic.crushing_tub":1,"stat.pickup.tconstruct.faucet":1,"stat.useItem.minecraft.planks":9,"stat.craftItem.minecraft.shield":2,"stat.craftItem.sky_orchards.sapling_petrified":1,"stat.pickup.minecraft.glowstone_dust":23,"stat.mineBlock.sky_orchards.log_dirt":135,"stat.craftItem.horsepower.hand_grindstone":2,"stat.pickup.sky_orchards.resin_cottonwood":47,"stat.useItem.sky_orchards.sapling_iron":16,"stat.useItem.minecraft.water_bucket":4,"stat.drop.minecraft.iron_sword":1,"stat.craftItem.telepastries.nether_cake":2,"stat.craftItem.sky_orchards.sapling_gravel":2,"stat.pickup.sky_orchards.sapling_dirt":63,"stat.craftItem.minecraft.stone_axe":2,"stat.mineBlock.sky_orchards.sapling_redstone":3,"stat.mineBlock.minecraft.wooden_slab":45,"stat.craftItem.tconstruct.casting":8,"stat.craftItem.minecraft.iron_shovel":2,"stat.pickup.sky_orchards.resin_petrified":217,"stat.craftItem.minecraft.wooden_hoe":2,"stat.craftItem.minecraft.blaze_powder":8,"stat.hopperInspected":24,"stat.pickup.tconstruct.slime_sapling":1,"stat.craftItem.minecraft.wooden_pickaxe":2,"stat.pickup.thermalfoundation.material":1,"stat.craftItem.minecraft.magma_cream":2,"stat.furnaceInteraction":168,"stat.pickup.xlfoodmod.lettuce_seeds":6,"stat.craftItem.thermalfoundation.material":8,"stat.pickup.sky_orchards.acorn_dirt":130,"stat.pickup.inspirations.potato_seeds":4,"stat.useItem.minecraft.fence":25,"stat.craftItem.minecraft.sand":96,"stat.craftItem.minecraft.fence_gate":2,"stat.useItem.minecraft.wheat_seeds":26,"stat.pickup.minecraft.pumpkin_seeds":8,"stat.craftItem.morecauldrons.cobble_cauldron":1,"stat.useItem.minecraft.dye":2190,"stat.mineBlock.minecraft.soul_sand":124,"stat.useItem.pickletweaks.iron_paxel":356,"stat.deaths":15,"stat.useItem.tconstruct.smeltery_io":1,"stat.playOneMinute":877649,"stat.pickup.tconstruct.rack":9,"stat.pickup.minecraft.blaze_rod":5,"stat.pickup.xlfoodmod.raw_corn":48,"stat.craftItem.minecraft.iron_pickaxe":2,"stat.pickup.mekanism.otherdust":2,"stat.craftItem.minecraft.repeater":2,"stat.mineBlock.minecraft.tallgrass":230,"stat.pickup.minecraft.netherrack":152,"stat.useItem.sky_orchards.sapling_sand":47,"stat.pickup.tconstruct.seared":5,"stat.chestOpened":790,"stat.pickup.tp.toasted_bread":7,"stat.pickup.tconstruct.casting":1,"stat.craftItem.tp.cobblegen_block":2,"stat.mineBlock.minecraft.netherrack":146,"stat.pickup.sky_orchards.resin_redstone":41,"stat.craftItem.cyclicmagic.clock":2,"stat.pickup.sky_orchards.acorn_petrified":141,"stat.craftItem.sky_orchards.sapling_diamond":4,"stat.mineBlock.sky_orchards.leaves_iron":752,"stat.craftItem.snad.snad":2,"stat.pickup.sky_orchards.resin_sand":365,"stat.craftItem.minecraft.coal":244,"stat.mineBlock.tconstruct.faucet":1,"stat.pickup.rustic.leaves_apple":1,"stat.useItem.sky_orchards.sapling_gravel":67,"stat.fallOneCm":977705,"stat.craftItem.sky_orchards.sapling_redstone":2,"stat.craftItem.tconstruct.wooden_hopper":118,"stat.pickup.minecraft.melon_seeds":5,"stat.crouchOneCm":82857,"stat.mineBlock.minecraft.chest":11,"stat.craftItem.minecraft.diamond":43,"stat.craftItem.minecraft.chest":378,"stat.craftItem.minecraft.iron_ingot":378,"stat.pickup.bonsaitrees.bonsaipot":5,"stat.craftItem.minecraft.hopper":59,"stat.craftingTableInteraction":1,"stat.mineBlock.sky_orchards.leaves_sand":2073,"stat.pickup.sky_orchards.sapling_sand":102,"stat.mineBlock.tconstruct.rack":9,"stat.drop.sky_orchards.resin_iron":10,"stat.pickup.sky_orchards.acorn_redstone":27,"stat.useItem.minecraft.furnace":3,"stat.craftItem.tconstruct.materials":195,"stat.pickup.minecraft.dye":60,"stat.pickup.minecraft.planks":4,"stat.pickup.sky_orchards.resin_iron":140,"stat.craftItem.minecraft.diamond_shovel":2,"stat.pickup.minecraft.wheat_seeds":783,"stat.mineBlock.sky_orchards.sapling_petrified":1,"stat.craftItem.tconstruct.seared_tank":2,"stat.pickup.darkutils.material":5,"stat.mineBlock.sky_orchards.log_bone":174,"stat.useItem.pickletweaks.diamond_paxel":1,"stat.mineBlock.minecraft.dirt":60,"stat.pickup.sky_orchards.acorn_iron":64,"stat.craftItem.sky_orchards.amber_tin":2,"stat.craftItem.integrateddynamics.squeezer":2,"stat.useItem.minecraft.torch":7,"stat.pickup.sky_orchards.sapling_iron":57,"stat.mineBlock.sky_orchards.sapling_dirt":2,"stat.pickup.sky_orchards.leaves_clay":52,"stat.drop.pickletweaks.stone_paxel":1,"stat.pickup.inspirations.carrot_seeds":2,"stat.craftItem.tp.toasted_bread":267,"stat.craftItem.minecraft.redstone_block":3,"stat.useItem.minecraft.log":516,"stat.pickup.minecraft.crafting_table":1,"stat.useItem.minecraft.cobblestone":10,"stat.craftItem.minecraft.crafting_table":2,"stat.craftItem.ceramics.clay_bucket":3,"stat.mineBlock.sky_orchards.sapling_clay":12,"stat.pickup.minecraft.log":2291,"stat.craftItem.tp.wooden_shears":4,"stat.pickup.sky_orchards.resin_gravel":529,"stat.pickup.sky_orchards.acorn_sand":229,"stat.drop.minecraft.sapling":1,"stat.pickup.minecraft.sapling":96,"stat.drop.tp.wooden_shears":2,"stat.pickup.minecraft.apple":3,"stat.mineBlock.minecraft.iron_block":1,"stat.pickup.integrateddynamics.squeezer":2,"stat.craftItem.tconstruct.smeltery_controller":2,"stat.mineBlock.sky_orchards.sapling_gravel":2,"stat.craftItem.minecraft.bucket":3,"stat.craftItem.minecraft.planks":1536,"stat.useItem.minecraft.iron_sword":223,"stat.killEntity.rogue_android":8,"stat.craftItem.minecraft.dirt":64,"stat.pickup.morecauldrons.oak_cauldron":1,"stat.killEntity.WitherSkeleton":7,"stat.mineBlock.minecraft.log":666,"stat.mineBlock.sky_orchards.log_clay":364,"stat.pickup.rustic.sapling_apple":33,"stat.craftItem.minecraft.sugar":6,"stat.pickup.minecraft.red_flower":12,"stat.sneakTime":28984,"stat.mineBlock.sky_orchards.log_cottonwood":31,"stat.entityKilledBy.Blaze":1,"stat.pickup.minecraft.yellow_flower":21,"stat.craftItem.minecraft.cobblestone":33,"stat.useItem.sky_orchards.sapling_dirt":29,"stat.pickup.minecraft.chest":74,"stat.craftItem.minecraft.diamond_chestplate":2,"stat.pickup.minecraft.bone":3,"stat.craftItem.ceramics.unfired_clay":3,"stat.craftItem.minecraft.diamond_leggings":1,"stat.mineBlock.minecraft.cobblestone":10,"stat.mineBlock.sky_orchards.leaves_gravel":3028,"stat.pickup.minecraft.flint":137,"stat.mineBlock.minecraft.yellow_flower":21,"stat.craftItem.sky_orchards.sapling_quartz":2,"stat.craftItem.tconstruct.faucet":4,"stat.pickup.sky_orchards.resin_dirt":203,"stat.craftItem.sky_orchards.sapling_emerald":2,"stat.craftItem.minecraft.wool":4,"stat.craftItem.sky_orchards.amber_iron":343,"stat.swimOneCm":2525,"stat.mineBlock.morecauldrons.oak_cauldron":1,"stat.craftItem.inspirations.stone_crook":9,"stat.useItem.sky_orchards.sapling_bone":32,"stat.mineBlock.sky_orchards.leaves_redstone":335,"stat.useItem.minecraft.dirt":120,"stat.useItem.minecraft.stone_slab2":160,"stat.craftItem.pickletweaks.stone_paxel":57,"stat.craftItem.minecraft.furnace":11,"stat.craftItem.minecraft.lapis_block":1,"stat.craftItem.minecraft.bone_block":234,"stat.craftItem.pickletweaks.iron_paxel":2,"stat.craftItem.sky_orchards.sapling_bone":2,"stat.craftItem.minecraft.iron_boots":2,"stat.craftItem.minecraft.stone_pickaxe":2,"stat.mineBlock.sky_orchards.leaves_dirt":1404,"stat.pickup.minecraft.cobblestone":55,"stat.craftItem.sky_orchards.amber_gold":6,"stat.flyOneCm":1001080,"stat.craftItem.minecraft.glass_bottle":3,"stat.pickup.minecraft.soul_sand":124,"stat.drop.minecraft.wheat_seeds":1,"stat.craftItem.minecraft.wooden_slab":912,"stat.pickup.sky_orchards.sapling_petrified":109,"stat.mineBlock.morecauldrons.cobble_cauldron":3,"stat.timeSinceDeath":71456,"stat.mineBlock.sky_orchards.leaves_cottonwood":317,"stat.useItem.minecraft.wooden_slab":747,"stat.killEntity.ranged_rogue_android":3,"stat.craftItem.minecraft.cake":2,"stat.drop.minecraft.coal":1,"stat.pickup.pickletweaks.iron_paxel":1,"stat.craftItem.tconstruct.slime_dirt":4,"stat.craftItem.tconstruct.seared":566,"stat.drop.minecraft.dirt":1,"stat.useItem.tconstruct.rack":12,"stat.useItem.sky_orchards.sapling_clay":80,"stat.useItem.xlfoodmod.coffee":1,"stat.useItem.tp.toasted_bread":91,"stat.craftItem.tconstruct.soil":198,"stat.pickup.minecraft.string":11,"stat.pickup.tconstruct.smeltery_controller":3,"stat.craftItem.sky_orchards.sapling_netherrack":6,"stat.pickup.xlfoodmod.corn_seeds":36,"stat.mineBlock.sky_orchards.leaves_clay":3118,"stat.craftItem.minecraft.stone_slab2":0,"stat.pickup.sky_orchards.sapling_cottonwood":20,"stat.craftItem.tconstruct.stone_stick":8,"stat.useItem.sky_orchards.sapling_petrified":25,"stat.craftItem.tconstruct.tooltables":1,"stat.sprintOneCm":656889,"stat.drop.pickletweaks.iron_paxel":2,"stat.craftItem.minecraft.stick":352,"stat.useItem.carryon.tile_item":6,"stat.mineBlock.sky_orchards.leaves_petrified":1341,"stat.craftItem.minecraft.stone":64,"stat.pickup.sky_orchards.sapling_emerald":1,"stat.pickup.minecraft.grass":1,"stat.useItem.tconstruct.casting":3,"stat.pickup.pickletweaks.stone_paxel":2,"stat.mineBlock.minecraft.crafting_table":1,"stat.useItem.pickletweaks.stone_paxel":1808,"stat.pickup.sky_orchards.leaves_gravel":56,"stat.craftItem.minecraft.clay_ball":464,"stat.useItem.rustic.sapling_apple":5,"stat.mineBlock.minecraft.planks":4,"stat.drop":30,"stat.craftItem.sky_orchards.sapling_clay":2,"stat.mineBlock.rustic.leaves_apple":289,"stat.useItem.tconstruct.seared":286,"stat.mineBlock.bonsaitrees.bonsaipot":5,"stat.craftItem.minecraft.diamond_pickaxe":2,"stat.pickup.minecraft.iron_block":2,"stat.craftItem.minecraft.dye":2150,"stat.craftItem.pickletweaks.diamond_paxel":2,"stat.craftItem.minecraft.clay":120,"stat.craftItem.minecraft.diamond_axe":2,"stat.diveOneCm":8592,"stat.pickup.minecraft.wheat":913,"stat.useItem.inspirations.stone_crook":1832,"stat.pickup.tconstruct.tooltables":1,"stat.pickup.sky_orchards.acorn_cottonwood":34,"stat.mineBlock.sky_orchards.leaves_bone":1487,"stat.useItem.minecraft.glass_bottle":3,"stat.mineBlock.tconstruct.smeltery_controller":3,"stat.pickup.morecauldrons.cobble_cauldron":3,"stat.useItem.bonsaitrees.bonsaipot":43,"stat.craftItem.sky_orchards.sapling_coal":4,"stat.pickup.sky_orchards.resin_clay":544,"stat.craftItem.minecraft.diamond_sword":2,"stat.jump":6867,"stat.craftItem.tconstruct.rack":26,"stat.useItem.minecraft.wooden_hoe":26,"stat.useItem.sky_orchards.sapling_redstone":6,"stat.pickup.minecraft.coal":3,"stat.pickup.minecraft.iron_ingot":1,"stat.pickup.sky_orchards.sapling_redstone":22,"stat.craftItem.bonsaitrees.bonsaipot":131,"stat.craftItem.minecraft.bread":267,"stat.craftItem.minecraft.torch":12,"stat.mineBlock.sky_orchards.log_sand":249,"stat.pickup.minecraft.dirt":93,"stat.craftItem.minecraft.iron_helmet":2,"stat.pickup.cyclicmagic.clock":2,"stat.craftItem.sky_orchards.sapling_lapis":2,"stat.pickup.sky_orchards.resin_bone":258,"stat.useItem.minecraft.sapling":17,"stat.drop.inspirations.stone_crook":1,"stat.mineBlock.tconstruct.tooltables":1,"stat.pickup.minecraft.leaves":3,"stat.damageTaken":7383,"stat.drop.tconstruct.cast":1,"stat.mineBlock.minecraft.torch":3,"stat.mineBlock.minecraft.red_flower":12,"stat.useItem.minecraft.wooden_pickaxe":2,"stat.pickup.mysticalagriculture.crafting":2,"stat.craftItem.sky_orchards.amber_lead":2,"stat.pickup.minecraft.reeds":50,"stat.craftItem.sky_orchards.amber_copper":2,"stat.mineBlock.sky_orchards.log_redstone":28,"stat.pickup.tconstruct.materials":1,"stat.pickup.sky_orchards.sapling_clay":171,"stat.craftItem.minecraft.glass":7,"stat.damageDealt":9523,"stat.mineBlock.sky_orchards.log_iron":88,"stat.craftItem.minecraft.gravel":71,"stat.drop.darkutils.material":1,"stat.craftItem.minecraft.iron_sword":2,"stat.pickup.sky_orchards.acorn_bone":145,"stat.craftItem.minecraft.stone_shovel":2,"stat.mineBlock.integrateddynamics.squeezer":2,"stat.walkOneCm":596269,"stat.useItem.minecraft.chest":172,"stat.craftItem.tconstruct.smeltery_io":4,"stat.pickup.minecraft.stick":5,"stat.pickup.sky_orchards.sapling_bone":168,"stat.pickup.sky_orchards.acorn_clay":300,"stat.pickup.rustic.apple_seeds":1,"stat.useItem.minecraft.lava_bucket":1,"stat.craftItem.morecauldrons.oak_cauldron":2,"stat.craftItem.sky_orchards.amber_silver":2,"stat.drop.minecraft.netherrack":4,"stat.useItem.tconstruct.faucet":1,"stat.mineBlock.sky_orchards.log_gravel":351,"stat.craftItem.rustic.crushing_tub":2,"stat.pickup.sky_orchards.acorn_gravel":320,"stat.useItem.sky_orchards.acorn_bone":2,"stat.craftItem.minecraft.redstone":27,"stat.drop.minecraft.wooden_slab":2,"stat.pickup.sky_orchards.sapling_gravel":150,"stat.useItem.minecraft.netherrack":23,"stat.useItem.sky_orchards.acorn_clay":2,"stat.drop.minecraft.crafting_table":1,"stat.craftItem.sky_orchards.sapling_glowstone":2,"stat.mineBlock.minecraft.quartz_ore":14,"stat.mineBlock.minecraft.glowstone":7,"stat.mobKills":36,"stat.pickup.minecraft.quartz":14,"stat.craftItem.minecraft.fence":48,"stat.craftItem.farmingforblockheads.market":2,"stat.mineBlock.tconstruct.wooden_hopper":3,"stat.pickup.minecraft.beetroot_seeds":3,"stat.mineBlock.minecraft.leaves":1003,"stat.mineBlock.rustic.crushing_tub":1,"stat.pickup.minecraft.torch":4,"stat.mineBlock.tconstruct.seared":5,"stat.craftItem.sky_orchards.amber_nickel":6,"stat.mineBlock.tconstruct.casting":4,"stat.craftItem.minecraft.brick":407,"stat.mineBlock.sky_orchards.log_petrified":136}